"relative_path","bytes","sha256"
"CITATION.cff","389","490c5e6c28a7d20547b74ae05cc932298264b82514dbd97574d2f6fcd71eb7dd"
"config\data_roots.example.json","523","90e3a83349b1c4608fbcf71d83461cc14d75e1d8785d5a47de08a24551db7a6c"
"data\track_a\manifest\category_task_counts.csv","91","005191b74d1a3ba0413513bfa4935479c852fab86dec9cf867ca4bf7a4064e70"
"data\track_a\manifest\preflight.json","2252","f5ef2d02aad333d14f054bfcb85f28a0f4a166b08c0e2c9a034e58ccdb0b5751"
"data\track_a\manifest\vlabench_sample_manifest.jsonl","8119749","4753420ccbc2ec6e770b8ef473fc80a5ebe5c2d9bd6817a4f29fe5b1e4ed9568"
"data\track_a\metrics\category_distribution.csv","105","c21b7d11f61ca004976306a8f8b51f69a4201873e8ef54e201a44b8820ae07d5"
"data\track_a\metrics\evidence_review.json","263","77b89a9854a2461e96bc0afdf1b7495aaf2352960d05e461610d81c7678919f0"
"data\track_a\metrics\failed_samples.jsonl","0","e3b0c44298fc1c149afbf4c8996fb92427ae41e4649b934ca495991b7852b855"
"data\track_a\metrics\materialize_failed_attempt1_20260510.jsonl","427606","8a8707716db0a99c1ea9431c85bd117867f01d9feda7408f6cd5387c1c947f72"
"data\track_a\metrics\parameter_key_distribution.csv","74","e7612e7d7999e0c07604df1940751b7f140829f11e7e5d96911457edd4fe022a"
"data\track_a\metrics\retry_log.jsonl","2649839","d360caaff9bbecd7f8b85a9869944173e88e10b727a3115e4cf2f555332269cb"
"data\track_a\metrics\sequence_length_distribution.csv","76","240d1f26c1a5b0da5b99e712dccd4880b8d1e99a1bf4b70f6fd2913f236cd855"
"data\track_a\metrics\skill_by_category.csv","586","58f42030b58b50b86ae4e7b8d2139cdabbb9084fa940f1e3321f8a1c240bd9d7"
"data\track_a\metrics\skill_taxonomy_report.csv","99","c61ff0fe5df3c839f5d9f9bb5986781b45d3c821f75428e148fa470154f27a3a"
"data\track_a\metrics\skill_taxonomy_summary.json","655","ecf8c878e4a8514a06f60e9ea24cad898260f2eec90ecbf5f3d9ca07cb59cef5"
"data\track_a\metrics\task_distribution.csv","1557","917e13db65010d6d586c55e5701c7082af68490bfa5061e440e4db72c0788ad9"
"data\track_a\metrics\vlabench_planning_condition_gains.csv","150","641f0a28cb807cccab796f758d5f6c9c96bf8166d52dbfb24c9abd52671329f9"
"data\track_a\metrics\vlabench_planning_metrics_by_category.csv","2378","0cd901ea24b3afb9661875507450d8ec5cf13a936612c0746bb88b26d2cb7197"
"data\track_a\metrics\vlabench_planning_metrics_by_condition.csv","682","4d16ed9a3a8064050f371149bb63914d25af872e902d2518f94c0f0d465785c8"
"data\track_a\metrics\vlabench_planning_metrics_by_task.csv","13598","9f8fdbf2e01c767d684822d3f9cd32712e611814cc45cf2754fc64148f49920f"
"data\track_a\metrics\vlabench_planning_metrics_per_sample.csv","1619354","45676fd61782d5a8458d8c89f51ed6434084d913d07e6dee0ebafa2afea68974"
"data\track_a\metrics\vlabench_planning_metrics_summary.json","1924","a1fc74a6f4ff98c713504c8d41b202bcb948467139cb2083771f0ddfa2689304"
"data\track_a\report\TRACK_A_COMPLETION_REPORT.md","4137","ebb6606b73f7a67452afa3faf6d02ef051f99d5ed8717e29a9f56519cdd2f97f"
"data\track_b\evidence_audit\missing_evidence_cases.jsonl","0","e3b0c44298fc1c149afbf4c8996fb92427ae41e4649b934ca495991b7852b855"
"data\track_b\evidence_audit\missing_evidence_rerun_summary.json","79752","d43c696697ebca46e77899a0aff44e7ad6004404841a8ac9a8a551bf6b470936"
"data\track_b\evidence_audit\track_b_evidence_audit_per_sample.csv","2426351","6096f8d623dddc28e353f6574030511d04f4dc618fdcb6152acd4ca6417b70f6"
"data\track_b\evidence_audit\TRACK_B_EVIDENCE_AUDIT_REPORT.md","2231","af813c43f565779115fa6b63f41e18cb94ad0b3ebf350f515dc21e64e7528d3c"
"data\track_b\evidence_audit\track_b_evidence_audit_summary.json","859","6496cd8880c00d316feb609571d1947dfdc274d741e708b6ca86fa995152c652"
"data\track_b\evidence_audit\TRACK_B_MISSING_EVIDENCE_RERUN_REPORT.md","28484","4704b9b04fa5859a13816e851b411dfe158542b7c36b2e13aedb58e0ca695df4"
"data\track_b\manifest\s0_balanced_task1_manifest.jsonl","31426","1ed19819d86a8619c497988560b6b5266eb0b01b915f11c516d0e28dc326eadf"
"data\track_b\manifest\s0_balanced_task1_preload_target_official_eligibility_ledger.jsonl","22758","7e6391b0d6c18efb69988dee06bdda67c147c9e9fc70b89a34917a485edfe1f2"
"data\track_b\manifest\s0_full_4000_preload_target_official_eligibility_ledger.jsonl","2453771","1e0f63692af025c8d40efc508e01866de25d5b8c9e1c2f6125b8084244476c73"
"data\track_b\manifest\s0_generic_compatible_manifest.jsonl","3165921","f632dab883d8a4186dc7ab3deb25610914ebec0e80a2e6690716a382ff545ac9"
"data\track_b\manifest\s0_sanity_stable_task_manifest.jsonl","1611671","9926a22b6efb30b073b170ed5d11137f3ef126516a1da5fc232c38fc33b962e5"
"data\track_b\manifest\s0_stable_task_full_aligned_reset_official_eligibility_ledger.jsonl","3009","b411249c160288da3ebb5e2ff4ece04f354baa2116715dd42fad9e2c77e62433"
"data\track_b\manifest\s0_stable_task_full_official_eligibility_ledger.jsonl","11872","f7b83c9d6fb740a35b839df2aa66264fd0f67c9e8374fbd2386f757b23cd74c5"
"data\track_b\manifest\s0_stable_task_full_preload_target_official_eligibility_ledger.jsonl","12117","9e6d7ea0472e37072b5ae7fd20c38e8fc29ad2ee63136ee459a0ae0aab6c9079"
"data\track_b\manifest\s0_task2_sanity_manifest.jsonl","63076","35a2d09268ab5862db3e4c96afee3d4006f9872bf53e7a834479811947f117e6"
"data\track_b\manifest\s0_task2_sanity_official_eligibility_ledger.jsonl","44200","43fce50a7456aa357d21c7cb2ed2ea9548355e799b471104edebd8de57e440af"
"data\track_b\metrics\env_suspect_rerun_20260518_summary.json","12891","5cd17ddff21d5921f30993ecddeb53b2038e469d7f9148a50f7d680b101af1e0"
"data\track_b\metrics\prepare_summary.json","427","129668e35b6dbcc7736094f9782f2c68282ccd724d5502bc91be422cd1df541c"
"data\track_b\metrics\s0_balanced_task1_preload_target_official_results.csv","12865","28a4c3f800efaa8a227d393d49bd8473aea61b9530f6c02133ccbda3932ffd2c"
"data\track_b\metrics\s0_balanced_task1_preload_target_official_results_partial.csv","12865","28a4c3f800efaa8a227d393d49bd8473aea61b9530f6c02133ccbda3932ffd2c"
"data\track_b\metrics\s0_balanced_task1_preload_target_official_summary.json","314","6ade84e4fd05e0498e40f6d3cde234c40f61428b136c15f7673141c6d5df385b"
"data\track_b\metrics\s0_balanced_task1_preload_target_summary_by_task.csv","1654","940d18b5a6dfb2adc519cb6d2d2b8da572b3bcf2166d40bebd174d220b511c78"
"data\track_b\metrics\s0_full_4000_preload_target_aggregate_repair_report.json","1040","f2fc762551164292dd3d2c06b86530ddde49a043ccc45e816135761601633312"
"data\track_b\metrics\s0_full_4000_preload_target_official_results.csv","1350557","491cd033bdd60e7bca7f438347cd948672e793a637848000f2792f591ba1fb7b"
"data\track_b\metrics\s0_full_4000_preload_target_official_summary.json","450","5c66022ecf7e247209071dddaeeb7d5fd52aad90d0f09e5a8ec8771d0437d699"
"data\track_b\metrics\s0_full_4000_preload_target_retry_log.jsonl","595956","4bb4f51413365966b4a8c7fbaddd4929d4d61c345b893a3d4c9afa34a8fb6292"
"data\track_b\metrics\s0_full_4000_preload_target_summary_by_task.csv","1876","995363cc01f73c6f8bc322624cfe2f7fbd87bfd674e4a900f0dccfaf451ed339"
"data\track_b\metrics\s0_sanity_stable_task_full_counts.csv","748","cca73368953a6f53b976bd6af5aa5ec455e341a81a5be5b937622132fc9ef11f"
"data\track_b\metrics\s0_sanity_stable_tasks.csv","1266","e76fe8801a72c7f514a337ff307ee6b2fcdb196d08d1cc8bcb5d84eabcb66e14"
"data\track_b\metrics\s0_sanity_unstable_tasks.csv","1194","486d9b3ae58d41de0cf0d9db86aca959bc32554198de8dff5148e5b766f0d915"
"data\track_b\metrics\s0_stable_task_full_aligned_reset_official_results.csv","1925","2d19a5af4d20240ae6592731b34aed9b77508f3022af1a47a922676b904255b1"
"data\track_b\metrics\s0_stable_task_full_aligned_reset_official_results_partial.csv","1925","2d19a5af4d20240ae6592731b34aed9b77508f3022af1a47a922676b904255b1"
"data\track_b\metrics\s0_stable_task_full_aligned_reset_official_summary.json","289","38d2573555fc449603ee647bb6d857122acdbfc71240901f527e39e4cbfb002e"
"data\track_b\metrics\s0_stable_task_full_aligned_reset_summary_by_task.csv","164","b4e5f49230245e76e859e87eca8a6e01df10862e24c3343e95b87cb78c4ce9bb"
"data\track_b\metrics\s0_stable_task_full_failure_details.csv","14531","e01f17784c1fce269ddf28beda4a6c1e89c886aa9c102760d314413243792dea"
"data\track_b\metrics\s0_stable_task_full_official_results.csv","6999","b793b42fbdd176bd78d803e623e293e29099cde3f1a361bfe4bac5039c7892b1"
"data\track_b\metrics\s0_stable_task_full_official_results_partial.csv","6999","b793b42fbdd176bd78d803e623e293e29099cde3f1a361bfe4bac5039c7892b1"
"data\track_b\metrics\s0_stable_task_full_official_summary.json","276","47d578acf7ef37c9469725605f0ab9209a7fe29f826c8a5e4bd74b6633b81f52"
"data\track_b\metrics\s0_stable_task_full_preload_target_official_results.csv","7272","bd907859772713ba9067b12dd5707653ca24c8635d93be15a94829410aa8889a"
"data\track_b\metrics\s0_stable_task_full_preload_target_official_results_partial.csv","7272","bd907859772713ba9067b12dd5707653ca24c8635d93be15a94829410aa8889a"
"data\track_b\metrics\s0_stable_task_full_preload_target_official_summary.json","261","186d7a45c32e947dcf3482ed710a7ad7303b78f97b842e8e1bfe639229b0b02c"
"data\track_b\metrics\s0_stable_task_full_preload_target_summary_by_task.csv","144","e4f5ff7a2e01ad7581e53de3318384ea8996db48c0b87f1a9e84ea0e4bea56ec"
"data\track_b\metrics\s0_stable_task_full_summary_by_task.csv","165","f59a6f4f9304ec31f9c05946dcce5e028216eb7574dc28d63f2ac94765578932"
"data\track_b\metrics\s0_task_counts.csv","1484","184dc4049a4d67745f47c750b10cf9e3184e029c3b7bb7d6fba2cc35886a5e99"
"data\track_b\metrics\s0_task2_sanity_failure_details.csv","13383","f7c3304e74d7153cede391c8942cf9fea6f4ec9e11c82fdd23cf6ba02ec71cc9"
"data\track_b\metrics\s0_task2_sanity_official_results.csv","24243","40f3e7ed30affe8c626623cb806f99c9b8d642c0d3d2387c83815f66f014a4de"
"data\track_b\metrics\s0_task2_sanity_official_results_partial.csv","24243","40f3e7ed30affe8c626623cb806f99c9b8d642c0d3d2387c83815f66f014a4de"
"data\track_b\metrics\s0_task2_sanity_official_summary.json","298","f7aef479f031a92951cbba57171ca0863680d423ac0de58a74d87c03fe7ac1ba"
"data\track_b\metrics\s0_task2_sanity_summary_by_task.csv","1663","8e328c47e77d45175f18cb6f3b08a397597af0a43dd8c12c77667ddfeb3a2521"
"data\track_b\metrics\stable_prepare_summary.json","248","531e8e007d5ade8d3355698e18b3234bf577ed51775b33e960b558bd61824688"
"data\track_b\taxonomy\figures\track_b_task_eligible_rate.png","290201","689a32401f8ad70690aae8483ed581fa69690c6cdb6abf53b630380f456b1bfa"
"data\track_b\taxonomy\figures\track_b_taxonomy_by_category.png","55710","5efa597094cf13f03ce8f8dfbe483c30dd6c1c752d7f407d8d8dde37eeb3e3ff"
"data\track_b\taxonomy\figures\track_b_taxonomy_distribution.png","61486","e5eb8a4517edb8120b101622535f970a7c0fcde577f600240d9cd5955dca4985"
"data\track_b\taxonomy\figures\track_b_taxonomy_flow.png","86460","a6750c4e86cbe95a4543e38403813520b2796de97ad7aaff18449c749188f028"
"data\track_b\taxonomy\figures\track_b_timeout_concentration.png","92733","e2ce3c7664584a6189b416038b8d355c702f90637a3668c5334fdd91a144ca76"
"data\track_b\taxonomy\metrics\track_b_excluded_diagnostic_ledger.jsonl","1147987","0ddc935cf2d6196e126e62c30b879e00029b3b7d8c92dda43132df2334a59a3e"
"data\track_b\taxonomy\metrics\track_b_taxonomy_by_category.csv","331","63c4e8ce9902ea15135372aa1172be7c1e746588d9ad74aef8d32e4889843257"
"data\track_b\taxonomy\metrics\track_b_taxonomy_by_task.csv","2304","04363ba6d99f4f84a15e7e8dc2bd79e72b471dfe984d5091514c18127fe4d369"
"data\track_b\taxonomy\metrics\track_b_taxonomy_summary.csv","985","0a3dbb387c1b02b781241130db29e76a4291a4710b0ca23ec8f9d80d4237e052"
"data\track_b\taxonomy\metrics\track_b_taxonomy_summary.json","695","d6a503f8a80eb2e84dff3f43963a485720f63fd70c26b9c85d7fe9e3a67f101d"
"data\track_b\taxonomy\TRACK_B_FAILURE_TAXONOMY_REPORT.md","12426","dc287a99eddcbda3390b38cb57288c2ec445a13d7687c77f44295eb905fa3089"
"data\track_c\manifest\missing_track_c_inputs.jsonl","0","e3b0c44298fc1c149afbf4c8996fb92427ae41e4649b934ca495991b7852b855"
"data\track_c\manifest\qwen_guided_case_manifest.jsonl","1716480","4c8e08bbfd6690fe54fb4ac7a2e11882c6a91cf6aad4120d87a6bf3110055a1b"
"data\track_c\manifest\qwen_guided_execution_ledger.jsonl","1309514","bcdbaca19c2d93bbd99a7d81d169d3bd18f00d416ca57f6dc4e7ed3b1253bd26"
"data\track_c\metrics\qwen_guided_execution_checkpoint.json","387","50f1f3d3f42a4b037ee7ce569bfda9ff4484540e694f73a5c2517ed78334f306"
"data\track_c\metrics\qwen_guided_execution_results.csv","635714","89e16096f74a612cccc5ec9c9f4db0319b29fc7cc3d83cd62ab1138368b083d1"
"data\track_c\metrics\qwen_guided_execution_results.csv.backup_before_tmp_promote_20260526_231117","291852","cb6385b145a4a242e30310a53e988c13c76de80ec75d8b7ff287af100158399d"
"data\track_c\metrics\qwen_guided_execution_summary.json","387","50f1f3d3f42a4b037ee7ce569bfda9ff4484540e694f73a5c2517ed78334f306"
"data\track_c\metrics\qwen_guided_failure_taxonomy.csv","175","c18d515f7f01d369951ffafa938fea671965c826168886d062ede7ec26f17aa5"
"data\track_c\metrics\qwen_guided_success_by_task.csv","1572","9d4c8122d9b2282e78eff3efa7d1e460e3ff6a84360acaa72c70460384f1dd22"
"data\track_c\metrics\qwen_p2_conversion_by_case.csv","216929","9b99a157da058387973e016454ddd80c234d778dc67f9294bf3a204fbd379008"
"data\track_c\metrics\runtime_preflight.json","1005","07a481c91baa9d8d6961f0c68b733cf9cb083c98987e0d8d001b936f0d4e7d01"
"data\track_c\metrics\track_c_c0_c4_by_category.csv","224","2515d4200754709971680b103bf1c80aee94bd69ffb3364595c24a980de019c4"
"data\track_c\metrics\track_c_c0_c4_by_task.csv","1794","14afe2d7e091a5481e85580ab8a179f505a61ee4a146d3f74a8b3cc67287f167"
"data\track_c\metrics\track_c_c0_c4_status_summary.csv","402","9a01795f1ab93c9374fdda4394dd8e4cd9d8af72fbbe073d97d20868f2007d84"
"data\track_c\metrics\track_c_c1_progress_distribution.csv","123","2291b5763db64d7cf4e26398937c7746146d541b66cdd3f243772a4f46385738"
"data\track_c\metrics\track_c_c2_by_task.csv","525","47f1fcf6522841b0b0d76c1f4fc4a1303e26c577af71b36b54ec4378fa14f02c"
"data\track_c\metrics\track_c_c2_error_breakdown.csv","63","5cdc38fe76566e2cd69245b0293bcd0d31c400d2cb7dff1f37a40afd80837368"
"data\track_c\metrics\track_c_c3_by_task.csv","118","4acaaf85dac78032e5b693da9f2d423cd418ee256b7c93d8929090f1de126592"
"data\track_c\metrics\track_c_c4_examples.csv","217","04bb9a048dd5a9be8189f6c2c0c1d2e20ad2ff34272ccb41a3cf69f611f1431b"
"data\track_c\metrics\track_c_prepare_summary.json","734","0b0ff74cbb0f3e26b15676a7e94738591e40fc3b80887a1fef12f67960bc5ba4"
"data\track_c\report\TRACK_C_C0_C4_DETAILED_ANALYSIS.md","10395","e5ab2641f7ac6d0fdde41d995e687d3ca0025d95af7c0247d0652d816d2ea3d3"
"data\track_c\report\TRACK_C_COMPLETION_REPORT.md","591","96a693a83884da0091ccf7660ac3eab2e501208028044b7dbb9225a598e72c65"
"data\track_d\ablation_300\manifest\track_d_ablation_300_manifest.jsonl","329870","2f3c6b6e8786eada8034df5bbe39235c61e24c992968e6e75ab33707a0b6b4e3"
"data\track_d\ablation_300\manifest\track_d_ablation_300_prepare_summary.json","585","cfef9bc1ecf0ea2fc9d5dcbc72136b72122bad4f5c824eb22592a78df9fc9c75"
"data\track_d\ablation_300\manifest\track_d_ablation_300_summary_by_status.csv","153","709dcfe41aef27339563d19a2b5e0330c126106b00ea8600140baf8c7e8ee19a"
"data\track_d\ablation_300\metrics\ablation_300_condition_success_by_variant.csv","285","61095dc7e3c2c685a9cc4a21a76dc55e97642fdb37c79c985fc5a4e08665fa8a"
"data\track_d\ablation_300\metrics\ablation_300_execution_NF_results.csv","84911","da64e14c962ca7bc09e0b5acf5519da55949a4f68643c36788166bd64e2a82f6"
"data\track_d\ablation_300\metrics\ablation_300_execution_NF_summary.json","286","93aa91883672053b502a1090129c1f73bcb424ac649385dbc633c0c83b881393"
"data\track_d\ablation_300\metrics\ablation_300_execution_R1_results.csv","85387","b91cf94732c08bf06457fec80cacff550db1fc77d1e0f257c119f414b3e84a0a"
"data\track_d\ablation_300\metrics\ablation_300_execution_R1_summary.json","286","7f2a6662624bc6b600bf56b3b578b8fe4755f98b486240336a3bb196f6eed702"
"data\track_d\ablation_300\metrics\ablation_300_execution_R2_results.csv","85235","e93a15e6928ef755e84d7d1e0de0cdc49cfd392e8fdc41587b48b5d1677b46a0"
"data\track_d\ablation_300\metrics\ablation_300_execution_R2_summary.json","286","39bac1ca22af5948132048a2bad82abde46373525cda1c3500d053765858db58"
"data\track_d\ablation_300\metrics\ablation_300_execution_R4_results.csv","84658","494ba57ea226ef1b507e695f6bd5a648ddc04a7a2a422a94d87694406da91af5"
"data\track_d\ablation_300\metrics\ablation_300_execution_R4_summary.json","285","7a588894bb5d4c6eabb454e63278b82f19190dd5729930f95ee038df9f01b070"
"data\track_d\ablation_300\metrics\ablation_300_failure_taxonomy_by_variant.csv","883","4ca63ed33231a9a897d88c04771a77eb42321843e0b58891717cc0b7e94b224e"
"data\track_d\ablation_300\metrics\ablation_300_inference_NF_results.csv","42835","aea030d42a376a770dfdc0720271100080f9907256de8803d54b741074f5bdf9"
"data\track_d\ablation_300\metrics\ablation_300_inference_NF_summary.json","186","49d781196f37d303c7477f3fe397694b355f4c045321c55e6405c718b5b2b78b"
"data\track_d\ablation_300\metrics\ablation_300_inference_R1_results.csv","42571","6d0be47ced756c3fa7f3b2dc122e3cb21324c00a2fb98509dfa337b171c9b408"
"data\track_d\ablation_300\metrics\ablation_300_inference_R1_summary.json","186","2c919276700109eeaf29342c7f70e432ce0394f61d314600b52dbd1d594eeada"
"data\track_d\ablation_300\metrics\ablation_300_inference_R2_results.csv","43603","22ad73cc670ad282c2cc8763cea579b97093bd2225a1efd73171870fe35ed1fa"
"data\track_d\ablation_300\metrics\ablation_300_inference_R2_summary.json","186","0a877f8ccf19bdf370ae8dfa28b050cf774ce8448ccf84f1487513067176835c"
"data\track_d\ablation_300\metrics\ablation_300_inference_R4_results.csv","43534","17054a61d9581c4381ac59157c5ca6c7a7e64af7d1fbd110bb573711df778e55"
"data\track_d\ablation_300\metrics\ablation_300_inference_R4_summary.json","186","f88db9b410c370ce77dba87670525fd14b63212b1017b0be76d912ba22b64d2a"
"data\track_d\ablation_300\metrics\ablation_300_pairwise_comparison.csv","84106","61e90d6a64b95875d2f4b94b2db8b1c550585633af7bd80b6b905e9cd698d5fd"
"data\track_d\ablation_300\metrics\ablation_300_summary.json","2314","9f55ec0b8a3ec7f9b41e5030c9ddc852eaa2063f1b7a16c8bddee50e7d473384"
"data\track_d\ablation_300\report\TRACK_D_ABLATION_300_GUIDELINE_20260529.md","14191","255b19a7dd681c66ed80908a9bf7a8718f3f67269bbe1f617b142c8b671fe571"
"data\track_d\manifest\track_d_all_failure_cases.jsonl","933057","29e6376e903cdeea51f28b9000765e5aa9c1b7d1a21402d629e54786702a9287"
"data\track_d\manifest\track_d_missing_inputs.jsonl","0","e3b0c44298fc1c149afbf4c8996fb92427ae41e4649b934ca495991b7852b855"
"data\track_d\manifest\track_d_primary_c1_cases.jsonl","716314","c92e0419d3853724a419fe9fbb6ab4590cba0866b32b9a0dda8d49dbe18d3a52"
"data\track_d\manifest\track_d_secondary_diagnostic_cases.jsonl","216743","e2a713d966b629e89f6e87d2cd65df589974c0d5305e993c3638859d9956d9b2"
"data\track_d\metrics\track_d_manifest_summary_by_status.csv","154","b865119400e4ec07420e5b52b9459fee1babba4c6cc9b2fd980e55fa4ec27f1b"
"data\track_d\metrics\track_d_prepare_summary.json","519","c53508a9fa95f5e60e20f0490ad75a8a3b79fe98ab704b9eadd1fadd921a3b67"
"data\track_d\metrics\track_d_R3_summary_all.json","365","b38c917084d87100e3e538181f731e37c16c8f28807dd2f3d584efbe746cc827"
"data\track_d\metrics\track_d_R3_summary_primary.json","316","5409c3cddf13d5560a0eec68743c84a6ca219b6c269b30b5cc2ad3a4a25da98a"
"data\track_d\metrics\track_d_replan_R3_execution_all_results.csv","307098","df6e659cba22a324e558b47d78360a64e3ed93167157d78d344a7a7db98dbbbe"
"data\track_d\metrics\track_d_replan_R3_execution_all_summary.json","288","e82c9fea917b1f0296331415546fef40336dbf76e92fa85f6f1c901d70ef509c"
"data\track_d\metrics\track_d_replan_R3_execution_primary_results.csv","1143","38bc96af040553b3f95c892ddd55de79c07152953adfd35cc44a57ccfdc6f96b"
"data\track_d\metrics\track_d_replan_R3_execution_primary_summary.json","204","e30a3a9d7a2d5c88c3a9cd68315128997e395aa243b0d6a35adb0a3f11a5292a"
"data\track_d\metrics\track_d_replan_R3_inference_all_results.csv","146447","ba21e20df6c8ad97f46261964e64b0812f041f8d241acd5144f3dbf07d65d7c7"
"data\track_d\metrics\track_d_replan_R3_inference_all_summary.json","185","fed3132eb5445476a10c148c88af1838124879b8c82265e37ea25428bcab24fb"
"data\track_d\metrics\track_d_replan_R3_inference_primary_results.csv","552","cbfbaa9c5387d5424849c568b8151dd380b14a213da985c88328d95dd8a640fa"
"data\track_d\metrics\track_d_replan_R3_inference_primary_summary.json","153","f1c4a07fd11a40b6e8f80e3baf5370f37ba877d6760fd44b1d08365275d3ad4d"
"data\track_d\metrics\track_d_same_plan_retry_all_results.csv","314401","9d00d35b22981ac6224f1271a3462b31e9dc6ba3ac117232ed2d2959fbfd2cb7"
"data\track_d\metrics\track_d_same_plan_retry_all_summary.json","322","9562fc0f08d03fb8d8003045bf8a3ebd6fce358cbc0b8626cca72925cfb78b95"
"data\track_d\metrics\track_d_same_plan_retry_primary_results.csv","1153","6776a2ee38eaf89b1c0491cbf30b3fbc47a9e82697fd91d85d8c4bea7e6c2509"
"data\track_d\metrics\track_d_same_plan_retry_primary_summary.json","170","9ee0d5c7effbc619c8c2025d356a20cd67aa80c097ea30f0543563fee6cda632"
"data\track_d\metrics\track_d_same_plan_vs_replan_R3_all.csv","250894","849f6d80874426b0346e84fa3822a14a88ab1500ed255cdb51c4d4a71b914171"
"data\track_d\metrics\track_d_same_plan_vs_replan_R3_primary.csv","168124","d4b0dd2782ca33807bc5aae3439d49352ade24d801480a646a21ecb432b3ae31"
"docs\ENVIRONMENT_TEMPLATE.md","1459","33913d6f8fbdfa078c74ef9ddfcb89e91fe6fccd892835ae52da1a76fcf10fdd"
"docs\EXPERIMENT_DATA_AUDIT_20260610.md","8870","f088cae59b23eb8bff0b96ca4f8ec9ae958c442f5e2df4008b91da9aee02b149"
"docs\REPRODUCIBILITY_NOTES.md","1606","6c78d6103bea904cf0e865452129b93b1830d387a9f1634b42668acef2456a15"
"docs\SILVER_FULL_EXPERIMENT_RESULT_REPORT_REVISED_20260602.md","17076","58a39830c2741d12dcb818361a1f7d517bf13031a2196deab1b4b75303255f2a"
"docs\TRACK_D_ABLATION_300_GUIDELINE_20260529.md","14191","255b19a7dd681c66ed80908a9bf7a8718f3f67269bbe1f617b142c8b671fe571"
"docs\TRACK_D_BASELINE_AND_ABLATION_PROTOCOL.md","15108","125235215659a52470740da43558949b9cfbd3dd480be986cc5587e03e20e509"
"examples\r3_prompt_audit_20260610\C0_qwen_guided_success__CommenSence__insert_flower_common_sense__example31\adapter_validation.json","419","ac697a029f1f54fc3e0cd0ef1dd7e6d3c8cbb3b60646e8a4fd8e8715df306371"
"examples\r3_prompt_audit_20260610\C0_qwen_guided_success__CommenSence__insert_flower_common_sense__example31\case_audit.json","935","c14325d4df8e701f603d167d25869ebaacde240ba6a0963bf23990182e586e39"
"examples\r3_prompt_audit_20260610\C0_qwen_guided_success__CommenSence__insert_flower_common_sense__example31\entity_registry.json","2628","3db22d21d58a419c2088088cbfa920b581e8b2df4ae3c8cc7ad9ce9a5c8ad14e"
"examples\r3_prompt_audit_20260610\C0_qwen_guided_success__CommenSence__insert_flower_common_sense__example31\executor_plan.json","2599","14d498e3bebcae0d64c6f5cf5f25373fa97010484d366dbe2f2a9270331784d3"
"examples\r3_prompt_audit_20260610\C0_qwen_guided_success__CommenSence__insert_flower_common_sense__example31\failure_final_mosaic.png","845866","06ebd3095e375faa2375cead412fe2333dbea5e5e11b5ace2002b8f54df6a0b1"
"examples\r3_prompt_audit_20260610\C0_qwen_guided_success__CommenSence__insert_flower_common_sense__example31\initial_failure_execution_result.json","5417","b6925593ed71af9e94545e1e677fc07fc738d5209736e4bbc553562a6c75c0ed"
"examples\r3_prompt_audit_20260610\C0_qwen_guided_success__CommenSence__insert_flower_common_sense__example31\initial_failure_orchestrator.log","5896","7e21af5bf46a73a7ef581402ea33ed6b3c437a1f96526e7966b62087f7392f13"
"examples\r3_prompt_audit_20260610\C0_qwen_guided_success__CommenSence__insert_flower_common_sense__example31\parsed_output.json","958","a1cd22461f5a314cf22bbb93170551f95cc5a7f913aa1033001a04d8000d9104"
"examples\r3_prompt_audit_20260610\C0_qwen_guided_success__CommenSence__insert_flower_common_sense__example31\prompt_R3.txt","3383","c74d12aa8628fa4858f0d155e71b3cb9df30f3e71e0fe4af0595a3967e09f429"
"examples\r3_prompt_audit_20260610\C0_qwen_guided_success__CommenSence__insert_flower_common_sense__example31\raw_output.json","1280","d644d02b2da5432e341a5306e9b62c24d13d21507067659956bee7b623ebb1f5"
"examples\r3_prompt_audit_20260610\C1_qwen_guided_condition_failure__CommenSence__insert_flower_common_sense__example9\adapter_validation.json","418","6d310c842935c17379bfe6ff1bf225a665139ebfc4ee62f291058a1e1abdb053"
"examples\r3_prompt_audit_20260610\C1_qwen_guided_condition_failure__CommenSence__insert_flower_common_sense__example9\case_audit.json","955","89b88c219f7c631f10fb975ae4c6d2d85004efc529a1b135fe8c0ccff1dff8a9"
"examples\r3_prompt_audit_20260610\C1_qwen_guided_condition_failure__CommenSence__insert_flower_common_sense__example9\entity_registry.json","2612","88b7b704ee1f1d77a711e8a0f648df8eef34bc427c477b4208e66c1313036aca"
"examples\r3_prompt_audit_20260610\C1_qwen_guided_condition_failure__CommenSence__insert_flower_common_sense__example9\executor_plan.json","2600","b048bc9fb5606d99ee4c5d105daa4152b9c72a3ee7574e9d2cc3b70d84a8e5f5"
"examples\r3_prompt_audit_20260610\C1_qwen_guided_condition_failure__CommenSence__insert_flower_common_sense__example9\failure_final_mosaic.png","818948","be1dd1bd678ca4e09a016901c9ee1b3b9ee4d11ec13fb22712a7f021fea24fc6"
"examples\r3_prompt_audit_20260610\C1_qwen_guided_condition_failure__CommenSence__insert_flower_common_sense__example9\initial_failure_execution_result.json","5404","3689f8871e60239cc1a3484fa130ea6738f71656f5d2b49a3d437f3b72ef7d53"
"examples\r3_prompt_audit_20260610\C1_qwen_guided_condition_failure__CommenSence__insert_flower_common_sense__example9\initial_failure_orchestrator.log","5883","475669e2d12c0261c5f085c53d0e7a0f8ccc6e7e1ef43cb34a45153e8db9bf4b"
"examples\r3_prompt_audit_20260610\C1_qwen_guided_condition_failure__CommenSence__insert_flower_common_sense__example9\parsed_output.json","878","d10e6e1c9bc7d956fb92390c5b42cafb855f10b75c28bd5312e62f887eade048"
"examples\r3_prompt_audit_20260610\C1_qwen_guided_condition_failure__CommenSence__insert_flower_common_sense__example9\prompt_R3.txt","3364","6c4642268f8ec39caabf7a430bba52d8fdad8722eb9aa813a88648d5b27b42fe"
"examples\r3_prompt_audit_20260610\C1_qwen_guided_condition_failure__CommenSence__insert_flower_common_sense__example9\raw_output.json","1239","5cd03131423a8a86e63121b188499952340173733b593dffaf31676e9cc592f0"
"examples\r3_prompt_audit_20260610\C2_qwen_conversion_failure__CommenSence__select_billiards_common_sense__example1\adapter_validation.json","422","9fadaea392f742c2c5737ef2703221c5a24631b2ecfd0f23f4dd2ef937eb8562"
"examples\r3_prompt_audit_20260610\C2_qwen_conversion_failure__CommenSence__select_billiards_common_sense__example1\case_audit.json","893","7d3d7e64e0f9aff88030df51e8532ef991fe189f7440d80cd9fad62fc2419451"
"examples\r3_prompt_audit_20260610\C2_qwen_conversion_failure__CommenSence__select_billiards_common_sense__example1\entity_registry.json","2604","c377fd42d5e8bdaf94e5f0eb6338307783cbce05d44b150c24cff4dd1203b13d"
"examples\r3_prompt_audit_20260610\C2_qwen_conversion_failure__CommenSence__select_billiards_common_sense__example1\executor_plan.json","446","fd79c769b7309131a416c63bd230c3ae5116a9a793875e3ad6398f7b8799afa3"
"examples\r3_prompt_audit_20260610\C2_qwen_conversion_failure__CommenSence__select_billiards_common_sense__example1\initial_failure_execution_result.json","380","651010ea31616551fb44adb5c058b417a9ecbe4f67462dd7855c1c85586f3e65"
"examples\r3_prompt_audit_20260610\C2_qwen_conversion_failure__CommenSence__select_billiards_common_sense__example1\parsed_output.json","392","84c7921a46712b3caf9f0f8c6f3e8f9f51a8fc0559c4041835ee0e5cfc011c99"
"examples\r3_prompt_audit_20260610\C2_qwen_conversion_failure__CommenSence__select_billiards_common_sense__example1\prompt_R3.txt","1476","5cc20ab84d814c460675e9d97ad55f50de189dfcab74a9c0002217766ee2ca1b"
"examples\r3_prompt_audit_20260610\C2_qwen_conversion_failure__CommenSence__select_billiards_common_sense__example1\raw_output.json","999","eb9ea17285d6bbd96ed08b7d88e012cf89d3a0f92369926adc83093b38c21a05"
"examples\r3_prompt_audit_20260610\C3_entity_mapping_failure__CommenSence__select_billiards_common_sense__example3\adapter_validation.json","460","be31bb465b5ae05702a30ae75e12679ffc47dcbad1ace2feed46ef881f8b00ca"
"examples\r3_prompt_audit_20260610\C3_entity_mapping_failure__CommenSence__select_billiards_common_sense__example3\case_audit.json","955","d36b2ee21c55ffbed0f68c7008a1a854e5cdbf4c8d5764642bef572cb8277364"
"examples\r3_prompt_audit_20260610\C3_entity_mapping_failure__CommenSence__select_billiards_common_sense__example3\entity_registry.json","3116","cb3b5849d1af8effd5cce2d3a96f3823652ab5f7f6f9c6139399ee360a0da444"
"examples\r3_prompt_audit_20260610\C3_entity_mapping_failure__CommenSence__select_billiards_common_sense__example3\executor_plan.json","1494","16e23984d4cde5fa6d1005e1b3a9cf9ba68dba084792824f83317ab81e06f354"
"examples\r3_prompt_audit_20260610\C3_entity_mapping_failure__CommenSence__select_billiards_common_sense__example3\failure_final_mosaic.png","467899","1d360570e8cc3761269c37d4976e982a1f11fb3e21a6410a2055051dc39bb325"
"examples\r3_prompt_audit_20260610\C3_entity_mapping_failure__CommenSence__select_billiards_common_sense__example3\initial_failure_execution_result.json","4670","b2cf4e5fbb0b613109b7a5df79761cf9a6e8a4c53fab5a08fc0702f885b06f8d"
"examples\r3_prompt_audit_20260610\C3_entity_mapping_failure__CommenSence__select_billiards_common_sense__example3\initial_failure_orchestrator.log","4873","63626083a61f1ecb0caf53d5134cb1fb75edff4964b54c59affdd5c8d39ac355"
"examples\r3_prompt_audit_20260610\C3_entity_mapping_failure__CommenSence__select_billiards_common_sense__example3\parsed_output.json","746","6d338ad6d25138ddc5e79a9de6a91c511eed43e801e6fa17f3deddbb6a69019d"
"examples\r3_prompt_audit_20260610\C3_entity_mapping_failure__CommenSence__select_billiards_common_sense__example3\prompt_R3.txt","3131","3b09c3dd8626437048915e58480873189b5f9ea46496db118c32b2fff2485225"
"examples\r3_prompt_audit_20260610\C3_entity_mapping_failure__CommenSence__select_billiards_common_sense__example3\raw_output.json","1173","0c0d3eb9e546fab4725024e6c21757e5b78ef6a30bb48f7aaea8d94b7b0ef3eb"
"examples\r3_prompt_audit_20260610\R3_PROMPT_AUDIT_NOTE.md","4022","119a1fc09485d43b1263bff06e73e2aeafa89651de1d2e1372d04c449d99db40"
"examples\r3_prompt_audit_20260610\R3_PROMPT_AUDIT_SUMMARY.json","6410","ded49e82677b479ab4da5374436a2fa7d7f9ecf54a92c9d4f0ba2237eae8cfb4"
"examples\r3_prompt_audit_20260610\SR_success_R3_fail_paired__CommenSence__insert_flower_common_sense__example81\adapter_validation.json","419","842a3eaa0c46fa95d32d2343c53b490e1c091ada661d658f0cd4b681f065ffb2"
"examples\r3_prompt_audit_20260610\SR_success_R3_fail_paired__CommenSence__insert_flower_common_sense__example81\case_audit.json","948","d4dae9aac901aa23309ad4796233ad5b8aec7b6e0e802709f24107a2abb5f00b"
"examples\r3_prompt_audit_20260610\SR_success_R3_fail_paired__CommenSence__insert_flower_common_sense__example81\entity_registry.json","2596","fc107eb02e4f93d46a08b48554bc65da0157086c8af5219f974af610f2aa07e1"
"examples\r3_prompt_audit_20260610\SR_success_R3_fail_paired__CommenSence__insert_flower_common_sense__example81\executor_plan.json","2604","85160a133a8db479b50f8471098f5da3f1e514d75300c5b7fa6aef4351c830be"
"examples\r3_prompt_audit_20260610\SR_success_R3_fail_paired__CommenSence__insert_flower_common_sense__example81\failure_final_mosaic.png","846500","4ce2c20381f7898978d4db059b43c2ad324f19e5f5eb7ef44d7d536874121449"
"examples\r3_prompt_audit_20260610\SR_success_R3_fail_paired__CommenSence__insert_flower_common_sense__example81\initial_failure_execution_result.json","5440","a0db4f0be6f641d6e5150124f1ce0eab4f0a4072e057fef6773070bd76dad430"
"examples\r3_prompt_audit_20260610\SR_success_R3_fail_paired__CommenSence__insert_flower_common_sense__example81\initial_failure_orchestrator.log","5919","633f901f18f8074c22625037553284788555727ee3b01242d531a3e66b64dccf"
"examples\r3_prompt_audit_20260610\SR_success_R3_fail_paired__CommenSence__insert_flower_common_sense__example81\parsed_output.json","894","da4b1fd0680e9a5bb0e2863f32d162e6913013e714b3f204cf9d6c1ddb6a55cd"
"examples\r3_prompt_audit_20260610\SR_success_R3_fail_paired__CommenSence__insert_flower_common_sense__example81\prompt_R3.txt","3330","34a40193c33b324889e02fcd6f10246c5ea6099a3f3f8d6eb8c06c7d4d848e56"
"examples\r3_prompt_audit_20260610\SR_success_R3_fail_paired__CommenSence__insert_flower_common_sense__example81\raw_output.json","1247","cae30e8ccb8038771715cdd4538fd8515f174ce4acd6c57ee8f9400761237cd6"
"LICENSE","1096","469e78799cce588d364ce34c98702ccf930802f49309f3d0b705e33938c6b98c"
"README.md","4395","6966c59663c0ab5384dc01bf71a7bf7ac0fbf68549c2ffa3ccd12a6a25db6969"
"requirements.txt","46","e634b127c1aad7bba8997d9903490c5bffc83a52a59bf1a259b5696e23532c01"
"src\silver\__init__.py","39","23ef8fe81b01845b13277db51cbc130dabd55c16282a637a546a5b4b7cce57c9"
"src\silver\evaluation\diagnose_track_c_conversion_failures.py","3682","67b3936400af0bf3e219f65a9348db77a0baca3a70cf981fee272dfd177e3098"
"src\silver\evaluation\public_vlm_dataset_loader.py","12168","ff0dea08405ae8549fb8d45c790b7622221999286665b96412a000ee8d9db2e5"
"src\silver\evaluation\repair_track_b_aggregates.py","4667","bb46870fac7becb129b8825288bb9e3078213af62f96ced1468f77125fe772bf"
"src\silver\evaluation\report_builder.py","6007","c195c7b00d5c3eee58114d711efefb4915893ddee48490f7938c698fe15c2dbc"
"src\silver\evaluation\skill_taxonomy_report.py","4430","79a70dd261fb4b4a9d5c804477f91cde5167f31b3d9284de9bce2b7319c960f4"
"src\silver\evaluation\track_b_full_official_eligibility.py","13453","e7abfdf8ca0cca491dd191269ccbf4543d65dcd272f34ed1e7d6cb182c3b4291"
"src\silver\evaluation\track_b_rerun_env_suspect_cases.py","9141","9b69993b96d88c463d0f7e0c6f5cd8bc9ba22c40255342cdb4b5a4ab0a89ba26"
"src\silver\evaluation\track_b_rerun_missing_evidence_cases.py","9458","3f70e73bf3d87a3fab147b8dc2c2e06f04eeca36e2c05326b5c4ef62430bd04f"
"src\silver\evaluation\track_c_official_guided_execution.py","26642","69f4ecf8f5e71d0975d6526c297336a3d463a8af62e25170d8d6369c416f9877"
"src\silver\evaluation\track_d_ablation_300.py","23225","250c6d0f87a1fabaebb5750c1db29ebbe7851256f85940bc9d699f1e36fcf908"
"src\silver\evaluation\track_d_official_guided_replanning.py","29935","99a1ae30c1e0f3044924e406db76756134f3f23e4699064841350d8675e393c0"
"src\silver\evaluation\verify_vlabench_env_load.py","1509","51e88d3c4fdd0819a9db50796ad1c6be5b453c8242f6246538b468b2b4a913c4"
"src\silver\evaluation\verify_vlabench_runtime.py","2986","816702310e7a7d326cddb9810d1fe737c92bbfba6bfccc37c2c33d21668240c6"
"src\silver\evaluation\vlabench_compatibility_audit.py","18611","229a92b8ad222eeeeef8e3188adac4dabfc745c6e17496b06ef9a349b14404df"
"src\silver\evaluation\vlabench_entity_registry.py","2229","eb5795008e5c2fe0b07e8caec23207001ed5ef5067eac0b16bee51bef1a8bd62"
"src\silver\evaluation\vlabench_executor_adapter.py","8272","42cd56a1bc2bb4f57ba1b5f98dff35ec5ec0e2b8425d67ae9b7e18d22a40d254"
"src\silver\evaluation\vlabench_generic_official_phase.py","24241","883a910219255b3051bc689db4cd2588945093fdef34d214a74a2c3c9f94f0b0"
"src\silver\evaluation\vlabench_official_skill_executor.py","33751","792c1fe116553ea81176b1c140ed0957cb8cbde85866a85fe3160579c1a0da9c"
"src\silver\evaluation\vlabench_plan_evaluator.py","23803","1e9d26b461438b155c56abf712f3699617eb2ec48d602b8a069c533a9fe61aac"
"src\silver\system\__init__.py","1217","aa1eabbda68165bd96a0b3dfbf450a647e74d398cdbf391ac2cc76d6fc33e564"
"src\silver\system\attribution.py","1883","ab1ec67ef0466c8d6b566ad4bd74b83cb0509f84830eaf30cc0a12094c53ce3d"
"src\silver\system\client.py","1515","9d0581e087cdc887826b7f9817821c20dadb4d012f058c6e37056051c6d48218"
"src\silver\system\executor_adapter.py","892","57c74b75e55e1cbb379b8b1cd44ba9348b0b190241928ac93318d53a871f4b2e"
"src\silver\system\failure_packet.py","2458","4ed29af4a6ad685d613627e66526ed1cbc906aab15c7b073ace0ec3b5da035bd"
"src\silver\system\pipeline.py","2562","4d949c1f149a8116ba7019a17961e382332d30581d65d6585e8ce1b1c3451445"
"src\silver\system\prompt_builder.py","1756","918c497cc7427f7d30953d7955a92d33ce12ea564437d64298b91febec79f684"
"src\silver\system\README.md","1378","13373e894020a184ed302b8cbb5929ce89f23de789ed273550f00928d31e446a"
"src\silver\system\result_parser.py","1623","018e71aa43e3f4924a89daa4d404d42bff8b1030e1ae433f209e02577ecf3d41"
"src\silver\system\schema.py","980","c1d06a05b8dd3bb2148574b081e3a6fa7882831f99d122b20331fcdc36b6e64c"
"verify_release_artifacts.py","3830","2eb910c99a634cfeec12e17220f5cab5221358ef18ba0dc5efe31869aa56b58c"
